firm_name,description,type,industry,city,state,country,aum,fund_size,min_check_size,max_check_size,min_revenue,max_revenue,min_ebitda,max_ebitda,stage,deal_type,geographic_focus,investment_horizon,year_founded,employees,website,contact_name,contact_title,contact_email,contact_phone,status,score,priority,notes,source
Blackrock Capital Advisors,"Global multi-strategy alternative investment platform focused on large-cap buyouts and credit opportunities across diversified sectors",Private Equity,"Technology;Healthcare;Financial Services",New York,New York,United States,$85B,$12B,$250M,$2B,$500M,$10B,$100M,$2B,"Leveraged Buyout;Growth Equity","Equity;Mezzanine;Debt","North America;Western Europe;Asia Pacific",5-7 years,1988,2200,https://blackrockcapitaladvisors.example.com,James Richardson,Senior Managing Director,j.richardson@example.com,+1-212-555-0101,ACTIVE_RELATIONSHIP,95,CRITICAL,"Tier 1 relationship. Active co-investor on 3 platform deals. Annual LP meeting in Sept.",PitchBook
Summit Peak Partners,"Middle-market private equity firm specializing in technology-enabled business services and healthcare IT",Private Equity,"Technology;Software / SaaS;Healthcare",Boston,Massachusetts,United States,$4.5B,$1.8B,$75M,$300M,$50M,$500M,$15M,$75M,"Growth Equity;Leveraged Buyout","Equity;Convertible Notes","North America",4-6 years,2005,85,https://summitpeakpartners.example.com,Sarah Chen,Managing Partner,s.chen@example.com,+1-617-555-0202,ACTIVE_RELATIONSHIP,90,HIGH,"Strong dealflow source. Co-invested on 2 healthcare IT deals in 2024. Looking at AI/ML opportunities.",Proprietary
Meridian Growth Capital,"Growth equity firm focused on high-growth SaaS and fintech companies at Series B-D stages",Venture Capital,"Software / SaaS;Fintech;AI / Machine Learning",San Francisco,California,United States,$2.8B,$900M,$25M,$100M,$10M,$200M,$2M,$30M,"Series B;Series C;Series D;Growth Equity","Equity","North America;Western Europe",3-5 years,2012,62,https://meridiangrowth.example.com,Michael Torres,General Partner,m.torres@example.com,+1-415-555-0303,IN_DISCUSSION,82,HIGH,"Met at SuperReturn. Interested in co-investment program. Follow up re: fintech thesis.",Conference
Citadel Harbor Group,"Diversified hedge fund platform with fundamental L/S equity, global macro, and event-driven strategies",Hedge Funds,"Financial Services;Technology;Energy",Greenwich,Connecticut,United States,$32B,$32B,$50M,$500M,,,,"Event-Driven;Long/Short Equity;Global Macro","Equity;Derivatives","Global",1-3 years,1995,450,https://citadelharbor.example.com,David Park,Head of Capital Formation,d.park@example.com,+1-203-555-0404,CONTACTED,75,MEDIUM,"Allocating to external managers. Potential LP for Fund VII. Capacity constrained on flagship.",Industry Research
Wellington Crest Family Office,"Multi-generational family office managing wealth across real estate, private equity, and venture investments",Family Offices,"Real Estate;Technology;Consumer",Palm Beach,Florida,United States,$1.2B,,$5M,$50M,,,,"Direct Investment;Co-Investment;Fund Investment","Equity;Real Estate;Venture","North America;Western Europe",7-10 years,1978,28,https://wellingtoncrest.example.com,Elizabeth Warren-Hughes,Chief Investment Officer,e.warren@example.com,+1-561-555-0505,ACTIVE_RELATIONSHIP,88,HIGH,"3rd generation family. Direct co-invest appetite growing. Prefer deal sizes $10-30M. Tax-sensitive.",Referral
Atlas Point Capital,"Lower middle-market PE firm focused on industrial technology and specialty manufacturing buyouts",Private Equity,"Industrials;Manufacturing;Technology",Chicago,Illinois,United States,$3.2B,$1.1B,$50M,$200M,$30M,$300M,$8M,$40M,"Leveraged Buyout;Platform Acquisition","Equity;Mezzanine","North America",5-7 years,2008,55,https://atlaspointcapital.example.com,Robert Kowalski,Partner & Head of Origination,r.kowalski@example.com,+1-312-555-0606,ACTIVE_RELATIONSHIP,85,HIGH,"Strong operator network. Completed 8 platform acquisitions since inception. Raising Fund IV.",PitchBook
Pinnacle Venture Partners,"Early-stage venture firm backing AI/ML, cybersecurity, and developer tools companies from Seed to Series A",Venture Capital,"AI / Machine Learning;Technology;Software / SaaS",Menlo Park,California,United States,$650M,$220M,$2M,$15M,$0,$50M,,$5M,"Seed;Pre-Seed;Series A","Equity;SAFE;Convertible Notes","North America;Israel",8-10 years,2015,32,https://pinnacleventures.example.com,Priya Sharma,Founding Partner,p.sharma@example.com,+1-650-555-0707,IN_DISCUSSION,78,MEDIUM,"Deep technical network. Portfolio includes 3 unicorns. Exploring growth-stage expansion.",Conference
Sovereign Wealth Capital,"Abu Dhabi-based sovereign wealth fund with global diversified portfolio spanning infrastructure, technology, and real estate",Institutional Investors,"Infrastructure;Technology;Real Estate;Energy",Abu Dhabi,,United Arab Emirates,$250B,,$100M,$5B,$1B,,,"Infrastructure;Growth Equity;Leveraged Buyout","Equity;Debt;Real Estate;Infrastructure","Global",10-15 years,1976,1500,https://sovereignwealthcap.example.com,Ahmed Al-Rashidi,Director of Private Markets,a.alrashidi@example.com,+971-2-555-0808,PROSPECT,70,HIGH,"Expanding North American allocation. Seeking co-investment relationships. Min ticket $100M+.",Industry Research
Redwood Bridge Partners,"Boutique investment bank and advisory firm specializing in tech M&A and capital raises for companies $50M-$500M EV",Investment Banks,"Technology;Software / SaaS;Fintech",San Francisco,California,United States,,$500M,$50M,$500M,$20M,$500M,$5M,$75M,"Growth Equity;M&A Advisory","M&A Advisory;Capital Raise;Equity","North America",1-2 years,2010,75,https://redwoodbridge.example.com,Jonathan Blake,Managing Director & Head of Tech,j.blake@example.com,+1-415-555-0909,ACTIVE_RELATIONSHIP,92,CRITICAL,"Premier tech M&A advisor. Sourced 4 deals for us in 2024. Exclusive on 2 sell-sides. Key relationship.",Proprietary
Hartfield & Moore,"Full-service investment bank providing M&A, restructuring, and capital markets advisory to middle-market companies",Investment Banks,"Financial Services;Healthcare;Industrials;Consumer",New York,New York,United States,,$2B,$100M,$1B,$50M,$2B,$10M,$250M,"M&A Advisory;Restructuring;Capital Markets","M&A Advisory;Debt;Equity","North America;Western Europe",,2001,320,https://hartfieldmoore.example.com,Catherine Moore,Co-Head of Investment Banking,c.moore@example.com,+1-212-555-1010,ACTIVE_RELATIONSHIP,87,HIGH,"Strong healthcare and industrials practice. Mandated on 12 deals YTD. Potential strategic partner.",Proprietary
Cascade Independent Sponsors,"Independent sponsor platform focused on healthcare services and business services buyouts in the lower middle market",Independent Sponsors,"Healthcare;Technology;Consumer",Nashville,Tennessee,United States,,$250M,$10M,$75M,$15M,$150M,$3M,$20M,"Leveraged Buyout;Management Buyout","Equity","Southeastern US;Mid-Atlantic",4-6 years,2016,18,https://cascadeis.example.com,Mark Davidson,Founding Partner,m.davidson@example.com,+1-615-555-1111,IN_DISCUSSION,73,MEDIUM,"No committed capital - raises deal-by-deal. Strong healthcare services thesis. 4 completed deals.",Referral
Pacific Rim Allocators,"Institutional allocator and fund-of-funds platform investing across PE, VC, hedge funds, and real assets on behalf of Asian LPs",Allocators,"Financial Services;Technology;Real Estate",Singapore,,Singapore,$8.5B,,$25M,$200M,,,,"Fund Investment;Co-Investment","Fund Allocation;Co-Investment","Asia Pacific;North America;Global",7-10 years,2003,95,https://pacificallocators.example.com,Wei Lin,Partner & Head of PE Allocation,w.lin@example.com,+65-6555-1212,CONTACTED,77,MEDIUM,"Allocating $1.2B annually. Seeking emerging manager exposure. Interested in our Fund VII.",Conference
Ironside Search Fund,"Acquisition entrepreneur seeking to acquire and operate a single B2B software or tech-enabled services company",Search Funds,"Software / SaaS;Technology",Austin,Texas,United States,,$15M,$5M,$15M,$3M,$20M,$1M,$5M,"Acquisition;Search Fund","Equity;SBA Loan","North America",Indefinite (operating),2024,2,https://ironsidesearch.example.com,Daniel Reeves,Search Fund Principal,d.reeves@example.com,+1-512-555-1313,PROSPECT,55,LOW,"Stanford GSB searcher. Backed by 12 investors. Early in search process. Interesting for smaller deals.",Referral
Blue Horizon Private Investors,"Network of ultra-high-net-worth individuals and family offices co-investing in PE and real estate deals",Private Investors,"Real Estate;Technology;Healthcare",Miami,Florida,United States,$600M,,$2M,$25M,,,,"Co-Investment;Direct Investment","Equity;Real Estate","North America;Latin America",5-7 years,2014,15,https://bluehorizonpi.example.com,Carlos Mendez,Managing Member,c.mendez@example.com,+1-305-555-1414,ACTIVE_RELATIONSHIP,80,MEDIUM,"Network of 40+ HNW investors. Quick decision-making. Can co-invest $5-15M per deal. Active in LatAm.",Proprietary
Nordic Star Angel Syndicate,"Organized angel syndicate focused on pre-seed and seed investments in B2B SaaS, healthtech, and climate tech",Angel Investors,"Software / SaaS;Healthcare;Cleantech / Climate",Stockholm,,Sweden,$45M,,$250K,$2M,$0,$10M,,"Seed;Pre-Seed","Equity;SAFE;Convertible Notes","Nordics;Western Europe;North America",7-10 years,2019,8,https://nordicstarangels.example.com,Erik Lindqvist,Lead Syndicate Partner,e.lindqvist@example.com,+46-8-555-1515,PROSPECT,60,LOW,"50+ angel investors in network. Average check $500K. Strong Scandinavian deal flow. Exploring US.",Conference
Vanguard Commercial Bank,"Large commercial bank with dedicated sponsor finance and leveraged lending group supporting PE-backed transactions",Banks,"Financial Services;Healthcare;Industrials;Technology",Charlotte,North Carolina,United States,$180B,,$25M,$500M,$20M,$2B,$5M,$200M,"Leveraged Lending;Sponsor Finance","Senior Debt;Unitranche;Revolver","North America",,1985,8500,https://vanguardcommbank.example.com,Patricia Lawson,Head of Sponsor Finance,p.lawson@example.com,+1-704-555-1616,ACTIVE_RELATIONSHIP,91,CRITICAL,"Primary lending relationship. Provided financing on 6 deals. Competitive terms. Fast execution.",Proprietary
Apex Infrastructure Partners,"Dedicated infrastructure fund investing in energy transition, digital infrastructure, and transportation assets globally",Institutional Investors,"Infrastructure;Energy;Cleantech / Climate;Telecom",London,,United Kingdom,$12B,$4.5B,$150M,$1B,,,,"Infrastructure;Greenfield;Brownfield","Infrastructure;Equity;Debt","Global",15-25 years,2007,180,https://apexinfra.example.com,Victoria Ashworth,Partner & Head of Origination,v.ashworth@example.com,+44-20-7555-1717,CONTACTED,72,MEDIUM,"Expanding into North American digital infrastructure. Raised $4.5B for Fund III. Meeting scheduled for Q2.",Industry Research
Granite State Capital,"Regional PE firm focused on lower middle-market manufacturing, distribution, and industrial services in New England",Private Equity,"Manufacturing;Industrials;Transportation / Logistics",Manchester,New Hampshire,United States,$450M,$180M,$15M,$60M,$10M,$100M,$3M,$15M,"Leveraged Buyout;Platform Acquisition;Add-on","Equity","New England;Northeast US",5-7 years,2011,22,https://granitestatecap.example.com,Thomas Bennett,Managing Partner,t.bennett@example.com,+1-603-555-1818,IN_DISCUSSION,68,MEDIUM,"Deep regional expertise. 6 platform companies. Looking for add-on acquisitions. Potential co-investor.",Referral
Golden Gate Restructuring,"Distressed debt and special situations fund specializing in corporate turnarounds and bankruptcy advisory",Hedge Funds,"Financial Services;Industrials;Retail / E-Commerce",San Francisco,California,United States,$5.8B,$2.2B,$25M,$300M,,,,"Distressed Debt;Special Situations;Turnaround","Distressed Debt;DIP Financing;Equity","North America;Western Europe",2-4 years,2002,110,https://goldengaterestructuring.example.com,Rebecca Foster,Senior Partner,r.foster@example.com,+1-415-555-1919,ACTIVE_RELATIONSHIP,84,HIGH,"Top-tier distressed investor. Potential partner for stressed portfolio situations. Fast underwriting.",PitchBook
Lakeshore Venture Partners,"Mid-stage venture firm focused on enterprise SaaS, cybersecurity, and vertical software from Series A to Series C",Venture Capital,"Software / SaaS;Technology;AI / Machine Learning",Chicago,Illinois,United States,$1.4B,$480M,$10M,$50M,$5M,$100M,$0,$15M,"Series A;Series B;Series C","Equity","North America",5-7 years,2013,40,https://lakeshorevc.example.com,Amanda Liu,General Partner,a.liu@example.com,+1-312-555-2020,ACTIVE_RELATIONSHIP,86,HIGH,"Strong enterprise SaaS portfolio. 2 recent IPOs. Active board members. Good co-invest partner.",Proprietary
Trident Global Macro Fund,"Systematic and discretionary global macro hedge fund trading rates, FX, commodities, and equity indices",Hedge Funds,"Financial Services;Energy;Commodities",London,,United Kingdom,$9.2B,$9.2B,,,,,,"Global Macro;Systematic","Derivatives;Futures;Options","Global",Intraday-12 months,2004,175,https://tridentglobalmacro.example.com,Alexander Wright,Head of Investor Relations,a.wright@example.com,+44-20-7555-2121,PROSPECT,65,LOW,"Strong risk-adjusted returns. Sharpe >1.5 since inception. Capacity limited. Exploring separately managed accounts.",Industry Research
Heritage Oak Family Office,"Single-family office managing a diversified portfolio including direct PE investments, venture, and commercial real estate",Family Offices,"Real Estate;Technology;Food & Beverage;Agriculture",Dallas,Texas,United States,$800M,,$3M,$30M,,,,"Direct Investment;Co-Investment;Venture","Equity;Real Estate;Venture","North America;Latin America",5-15 years,1992,16,https://heritageoakfo.example.com,William Crawford III,Chief Investment Officer,w.crawford@example.com,+1-214-555-2222,ACTIVE_RELATIONSHIP,83,HIGH,"Multi-generational Texas family. Agribusiness roots. Growing tech allocation. Patient capital. Low leverage tolerance.",Proprietary
Evergreen Pacific Fund of Funds,"Institutional fund-of-funds allocating to emerging and established PE, VC, and credit managers globally",Allocators,"Financial Services;Technology;Healthcare",Portland,Oregon,United States,$3.8B,,$10M,$100M,,,,"Fund Investment;Secondary","Fund Allocation;Secondary","Global",10-12 years,2006,45,https://evergreenpacific.example.com,Rachel Kim,Partner & Head of Manager Selection,r.kim@example.com,+1-503-555-2323,IN_DISCUSSION,76,MEDIUM,"Strong LP base of endowments and foundations. Anchor investor potential for emerging managers. Due diligence underway on our fund.",Proprietary
Sterling & Hawke Advisory,"Elite restructuring and liability management advisory boutique serving large-cap corporates and sponsors",Investment Banks,"Financial Services;Energy;Healthcare;Retail / E-Commerce",New York,New York,United States,,,$200M,,$100M,,,"Restructuring;Liability Management","Restructuring Advisory;Debt","North America;Western Europe",,2009,65,https://sterlinghawke.example.com,James Hawke,Founding Partner,j.hawke@example.com,+1-212-555-2424,ACTIVE_RELATIONSHIP,89,HIGH,"Go-to restructuring advisor. Completed 15 major mandates in 2024. Key referral source for distressed situations.",Proprietary
Dragon Gate Ventures,"Asia-focused venture capital firm investing in fintech, e-commerce, and deep tech across Greater China and Southeast Asia",Venture Capital,"Fintech;Technology;AI / Machine Learning",Hong Kong,,Hong Kong,$1.1B,$380M,$5M,$40M,$1M,$200M,,$10M,"Series A;Series B;Growth Equity","Equity;Convertible Notes","Greater China;Southeast Asia;Asia Pacific",5-7 years,2014,48,https://dragongatevc.example.com,Jennifer Zhao,Managing Partner,j.zhao@example.com,+852-2555-2525,CONTACTED,71,MEDIUM,"Expanding cross-border investment strategy. Interested in US-Asia bridge deals. Portfolio of 60+ companies.",Conference
Riverstone Credit Partners,"Direct lending and mezzanine fund providing flexible capital solutions to PE-backed middle-market companies",Private Equity,"Financial Services;Healthcare;Technology;Industrials",New York,New York,United States,$6.2B,$2.8B,$25M,$200M,$25M,$500M,$5M,$75M,"Mezzanine;Unitranche;Direct Lending","Mezzanine;Unitranche;Senior Debt;Equity Co-Invest","North America",3-5 years,2010,90,https://riverstonecredit.example.com,Gregory Mason,Managing Director & Head of Origination,g.mason@example.com,+1-212-555-2626,ACTIVE_RELATIONSHIP,93,CRITICAL,"Core lending partner. Provided $1.2B in financing across 8 deals. Flexible structures. Fast execution team.",Proprietary
Northland Pension Capital,"Large public pension fund with $50B+ allocation to alternative investments including PE, real estate, and infrastructure",Institutional Investors,"Financial Services;Real Estate;Infrastructure;Technology",Toronto,,Canada,$95B,,$50M,$500M,,,,"Fund Investment;Co-Investment;Direct","Fund Allocation;Co-Investment;Direct Investment","Global",10-20 years,1965,350,https://northlandpension.example.com,Margaret O'Brien,Senior Portfolio Manager - Alternatives,m.obrien@example.com,+1-416-555-2727,IN_DISCUSSION,79,HIGH,"Expanding emerging manager program. $2B annual PE commitment target. 90-day decision cycle. Board approval required >$200M.",Industry Research
Maverick Digital Ventures,"Crypto-native venture fund investing in blockchain infrastructure, DeFi protocols, and Web3 applications",Venture Capital,"Crypto / Blockchain;Technology;Fintech",Miami,Florida,United States,$320M,$120M,$1M,$15M,$0,$50M,,"Seed;Series A;Token","Equity;Token Warrants;SAFE","Global",5-10 years,2021,22,https://maverickdigital.example.com,Ryan Nakamura,General Partner,r.nakamura@example.com,+1-786-555-2828,PROSPECT,58,LOW,"Strong Web3 network. Portfolio of 35 projects. Navigating regulatory uncertainty well. Interesting for blockchain-adjacent deals.",Conference
Continental European Partners,"Pan-European mid-market PE firm focused on healthcare, business services, and consumer in DACH and Benelux regions",Private Equity,"Healthcare;Consumer;Technology",Munich,,Germany,$4.8B,$1.6B,$50M,$250M,$30M,$400M,$8M,$50M,"Leveraged Buyout;Growth Equity;Carve-out","Equity","DACH;Benelux;Western Europe",5-7 years,2003,72,https://continentaleuropean.example.com,Klaus Weber,Senior Partner,k.weber@example.com,+49-89-555-2929,CONTACTED,74,MEDIUM,"Seeking US co-investment partners for transatlantic deals. Strong DACH sourcing. Fund IV in market.",Conference
Liberty Defense Capital,"Specialized PE fund focused on aerospace, defense, and government services companies with security clearance requirements",Private Equity,"Defense / Government;Technology;Industrials",McLean,Virginia,United States,$2.1B,$750M,$30M,$150M,$20M,$300M,$5M,$40M,"Leveraged Buyout;Growth Equity;Platform Acquisition","Equity","North America",5-7 years,2009,38,https://libertydefensecap.example.com,Colonel (Ret.) Michael Harris,Managing Partner,m.harris@example.com,+1-703-555-3030,IN_DISCUSSION,81,HIGH,"Deep defense/intelligence community network. CFIUS expertise. Portfolio of 7 cleared contractors. Raising Fund IV.",PitchBook
